Date,Alemania,Sudáfrica,España
2020-01-22 00:00:00+00:00,0,0,0
2020-01-23 00:00:00+00:00,0,0,0
2020-01-24 00:00:00+00:00,0,0,0
2020-01-25 00:00:00+00:00,0,0,0
2020-01-26 00:00:00+00:00,0,0,0
2020-01-27 00:00:00+00:00,1,0,0
2020-01-28 00:00:00+00:00,4,0,0
2020-01-29 00:00:00+00:00,4,0,0
2020-01-30 00:00:00+00:00,4,0,0
2020-01-31 00:00:00+00:00,5,0,0
2020-02-01 00:00:00+00:00,8,0,1
2020-02-02 00:00:00+00:00,10,0,1
2020-02-03 00:00:00+00:00,12,0,1
2020-02-04 00:00:00+00:00,12,0,1
2020-02-05 00:00:00+00:00,12,0,1
2020-02-06 00:00:00+00:00,12,0,1
2020-02-07 00:00:00+00:00,13,0,1
2020-02-08 00:00:00+00:00,13,0,1
2020-02-09 00:00:00+00:00,14,0,2
2020-02-10 00:00:00+00:00,14,0,2
2020-02-11 00:00:00+00:00,16,0,2
2020-02-12 00:00:00+00:00,16,0,2
2020-02-13 00:00:00+00:00,16,0,2
2020-02-14 00:00:00+00:00,16,0,2
2020-02-15 00:00:00+00:00,16,0,2
2020-02-16 00:00:00+00:00,16,0,2
2020-02-17 00:00:00+00:00,16,0,2
2020-02-18 00:00:00+00:00,16,0,2
2020-02-19 00:00:00+00:00,16,0,2
2020-02-20 00:00:00+00:00,16,0,2
2020-02-21 00:00:00+00:00,16,0,2
2020-02-22 00:00:00+00:00,16,0,2
2020-02-23 00:00:00+00:00,16,0,2
2020-02-24 00:00:00+00:00,16,0,2
2020-02-25 00:00:00+00:00,16,0,6
2020-02-26 00:00:00+00:00,21,0,13
2020-02-27 00:00:00+00:00,26,0,15
2020-02-28 00:00:00+00:00,53,0,32
2020-02-29 00:00:00+00:00,66,0,45
2020-03-01 00:00:00+00:00,117,0,84
2020-03-02 00:00:00+00:00,150,0,120
2020-03-03 00:00:00+00:00,188,0,165
2020-03-04 00:00:00+00:00,262,0,222
2020-03-05 00:00:00+00:00,400,1,259
2020-03-06 00:00:00+00:00,639,1,400
2020-03-07 00:00:00+00:00,795,1,500
2020-03-08 00:00:00+00:00,902,3,673
2020-03-09 00:00:00+00:00,1139,3,1073
2020-03-10 00:00:00+00:00,1296,7,1695
2020-03-11 00:00:00+00:00,1567,13,2277
2020-03-12 00:00:00+00:00,2369,17,2277
2020-03-13 00:00:00+00:00,3062,24,5232
2020-03-14 00:00:00+00:00,3795,38,6391
2020-03-15 00:00:00+00:00,4838,51,7798
2020-03-16 00:00:00+00:00,6012,62,9942
2020-03-17 00:00:00+00:00,7156,62,11748
2020-03-18 00:00:00+00:00,8198,116,13910
2020-03-19 00:00:00+00:00,10999,150,17963
2020-03-20 00:00:00+00:00,13957,202,20410
2020-03-21 00:00:00+00:00,16662,240,25374
2020-03-22 00:00:00+00:00,18610,274,28768
2020-03-23 00:00:00+00:00,22672,402,35136
2020-03-24 00:00:00+00:00,27436,554,39885
2020-03-25 00:00:00+00:00,31554,709,49515
2020-03-26 00:00:00+00:00,36508,927,57786
2020-03-27 00:00:00+00:00,42288,1170,65719
2020-03-28 00:00:00+00:00,48582,1187,73235
2020-03-29 00:00:00+00:00,52547,1280,80110
2020-03-30 00:00:00+00:00,57298,1326,87956
2020-03-31 00:00:00+00:00,61913,1353,95923
2020-04-01 00:00:00+00:00,67366,1380,104118
2020-04-02 00:00:00+00:00,73522,1462,112065
2020-04-03 00:00:00+00:00,79696,1505,119199
2020-04-04 00:00:00+00:00,85778,1585,126168
2020-04-05 00:00:00+00:00,91714,1655,131646
2020-04-06 00:00:00+00:00,95391,1686,136675
2020-04-07 00:00:00+00:00,99225,1749,141942
2020-04-08 00:00:00+00:00,103228,1845,148220
2020-04-09 00:00:00+00:00,108202,1934,153222
2020-04-10 00:00:00+00:00,113525,2003,158273
2020-04-11 00:00:00+00:00,117658,2028,163027
2020-04-12 00:00:00+00:00,120479,2173,166831
2020-04-13 00:00:00+00:00,123016,2272,170099
2020-04-14 00:00:00+00:00,125098,2415,172541
2020-04-15 00:00:00+00:00,127584,2506,177644
2020-04-16 00:00:00+00:00,130450,2605,184948
2020-04-17 00:00:00+00:00,133830,2783,190839
2020-04-18 00:00:00+00:00,137439,3034,191726
2020-04-19 00:00:00+00:00,139897,3158,198674
2020-04-20 00:00:00+00:00,141672,3300,200210
2020-04-21 00:00:00+00:00,143457,3465,204178
2020-04-22 00:00:00+00:00,145694,3635,208389
2020-04-23 00:00:00+00:00,148046,3953,213024
2020-04-24 00:00:00+00:00,150383,4220,202990
2020-04-25 00:00:00+00:00,152438,4361,205905
2020-04-26 00:00:00+00:00,154175,4546,207634
2020-04-27 00:00:00+00:00,155193,4793,209465
2020-04-28 00:00:00+00:00,156337,4996,210773
2020-04-29 00:00:00+00:00,157641,5350,212917
2020-04-30 00:00:00+00:00,159119,5647,213435
2020-05-01 00:00:00+00:00,160758,5951,215216
2020-05-02 00:00:00+00:00,161703,6336,216582
2020-05-03 00:00:00+00:00,162496,6783,217466
2020-05-04 00:00:00+00:00,163175,7220,218011
2020-05-05 00:00:00+00:00,163860,7572,219329
2020-05-06 00:00:00+00:00,164807,7808,220325
2020-05-07 00:00:00+00:00,166091,8232,221447
2020-05-08 00:00:00+00:00,167300,8895,222857
2020-05-09 00:00:00+00:00,168551,9420,223578
2020-05-10 00:00:00+00:00,169218,10015,224350
2020-05-11 00:00:00+00:00,169575,10652,227436
2020-05-12 00:00:00+00:00,170508,11350,228030
2020-05-13 00:00:00+00:00,171306,12074,228691
2020-05-14 00:00:00+00:00,172239,12739,229540
2020-05-15 00:00:00+00:00,173152,13524,230183
2020-05-16 00:00:00+00:00,173772,14355,230698
2020-05-17 00:00:00+00:00,174355,15515,230698
2020-05-18 00:00:00+00:00,174697,16433,231606
2020-05-19 00:00:00+00:00,175210,17200,232037
2020-05-20 00:00:00+00:00,176007,18003,232555
2020-05-21 00:00:00+00:00,176752,19137,233037
2020-05-22 00:00:00+00:00,177212,20125,234824
2020-05-23 00:00:00+00:00,177850,21343,235290
2020-05-24 00:00:00+00:00,178281,22583,235772
2020-05-25 00:00:00+00:00,178570,23615,235400
2020-05-26 00:00:00+00:00,179002,24264,236259
2020-05-27 00:00:00+00:00,179364,25937,236259
2020-05-28 00:00:00+00:00,179717,27403,237906
2020-05-29 00:00:00+00:00,180458,29240,238564
2020-05-30 00:00:00+00:00,181196,30967,239228
2020-05-31 00:00:00+00:00,181482,32683,239479
2020-06-01 00:00:00+00:00,181815,34357,239638
2020-06-02 00:00:00+00:00,182028,35812,239932
2020-06-03 00:00:00+00:00,182370,37525,240326
2020-06-04 00:00:00+00:00,182764,40792,240660
2020-06-05 00:00:00+00:00,183271,43434,240978
2020-06-06 00:00:00+00:00,183678,45973,241310
2020-06-07 00:00:00+00:00,183979,48285,241550
2020-06-08 00:00:00+00:00,184193,50879,241717
2020-06-09 00:00:00+00:00,184543,52991,241966
2020-06-10 00:00:00+00:00,184861,55421,242280
2020-06-11 00:00:00+00:00,185416,58568,242707
2020-06-12 00:00:00+00:00,185674,61927,243209
2020-06-13 00:00:00+00:00,186022,65736,243605
2020-06-14 00:00:00+00:00,186269,70038,243928
2020-06-15 00:00:00+00:00,186461,73533,244109
2020-06-16 00:00:00+00:00,186839,76334,244328
2020-06-17 00:00:00+00:00,187184,80412,244683
2020-06-18 00:00:00+00:00,187764,83890,245268
2020-06-19 00:00:00+00:00,188534,87715,245575
2020-06-20 00:00:00+00:00,189135,92681,245938
2020-06-21 00:00:00+00:00,189822,97302,246272
2020-06-22 00:00:00+00:00,190359,101590,246504
2020-06-23 00:00:00+00:00,190862,106108,246752
2020-06-24 00:00:00+00:00,191449,111796,247086
2020-06-25 00:00:00+00:00,192079,118375,247486
2020-06-26 00:00:00+00:00,192556,124590,247905
2020-06-27 00:00:00+00:00,193243,131800,248469
2020-06-28 00:00:00+00:00,193499,138134,248770
2020-06-29 00:00:00+00:00,193761,144264,248970
2020-06-30 00:00:00+00:00,194259,151209,249271
2020-07-01 00:00:00+00:00,194725,159333,249659
2020-07-02 00:00:00+00:00,195228,168061,250103
2020-07-03 00:00:00+00:00,195674,177124,250545
2020-07-04 00:00:00+00:00,196096,187977,250545
2020-07-05 00:00:00+00:00,196335,196750,250545
2020-07-06 00:00:00+00:00,196554,205721,251789
2020-07-07 00:00:00+00:00,196944,215855,252130
2020-07-08 00:00:00+00:00,197341,224665,252513
2020-07-09 00:00:00+00:00,197783,238339,253056
2020-07-10 00:00:00+00:00,198178,250687,253908
2020-07-11 00:00:00+00:00,198556,264184,253908
2020-07-12 00:00:00+00:00,198804,276242,253908
2020-07-13 00:00:00+00:00,198963,287796,255953
2020-07-14 00:00:00+00:00,199375,298292,256619
2020-07-15 00:00:00+00:00,199726,311049,257494
2020-07-16 00:00:00+00:00,200260,324221,258855
2020-07-17 00:00:00+00:00,200843,337594,260255
2020-07-18 00:00:00+00:00,201372,350879,260255
2020-07-19 00:00:00+00:00,201574,364328,260255
2020-07-20 00:00:00+00:00,201823,373628,264836
2020-07-21 00:00:00+00:00,202345,381798,266194
2020-07-22 00:00:00+00:00,202799,394948,267551
2020-07-23 00:00:00+00:00,203368,408052,270166
2020-07-24 00:00:00+00:00,204183,421996,272421
2020-07-25 00:00:00+00:00,204964,434200,272421
2020-07-26 00:00:00+00:00,205269,445433,272421
2020-07-27 00:00:00+00:00,205609,452529,278782
2020-07-28 00:00:00+00:00,206242,459761,280610
2020-07-29 00:00:00+00:00,206926,471123,282641
2020-07-30 00:00:00+00:00,207828,482169,285430
2020-07-31 00:00:00+00:00,208698,493183,288522
2020-08-01 00:00:00+00:00,209653,503290,288522
2020-08-02 00:00:00+00:00,209893,511485,288522
2020-08-03 00:00:00+00:00,210402,516862,297054
2020-08-04 00:00:00+00:00,211281,521318,302814
2020-08-05 00:00:00+00:00,212022,529877,305767
2020-08-06 00:00:00+00:00,213067,538184,309855
2020-08-07 00:00:00+00:00,214214,545476,314362
2020-08-08 00:00:00+00:00,215336,553188,314362
2020-08-09 00:00:00+00:00,215891,559859,314362
2020-08-10 00:00:00+00:00,216327,563598,322980
2020-08-11 00:00:00+00:00,217293,566109,326612
2020-08-12 00:00:00+00:00,218519,568919,329784
2020-08-13 00:00:00+00:00,219964,572865,337334
2020-08-14 00:00:00+00:00,221413,579140,342813
2020-08-15 00:00:00+00:00,222828,583653,342813
2020-08-16 00:00:00+00:00,223453,587345,342813
2020-08-17 00:00:00+00:00,224014,589886,359082
2020-08-18 00:00:00+00:00,225404,592144,364196
2020-08-19 00:00:00+00:00,226914,596060,370867
2020-08-20 00:00:00+00:00,228621,599940,377906
2020-08-21 00:00:00+00:00,230048,603338,386054
2020-08-22 00:00:00+00:00,232082,607045,386054
2020-08-23 00:00:00+00:00,232864,609773,386054
2020-08-24 00:00:00+00:00,233575,611450,405436
2020-08-25 00:00:00+00:00,234853,613017,412553
2020-08-26 00:00:00+00:00,236429,615701,419849
2020-08-27 00:00:00+00:00,237936,618286,429507
2020-08-28 00:00:00+00:00,239507,620132,439286
2020-08-29 00:00:00+00:00,240986,622551,439286
2020-08-30 00:00:00+00:00,241771,625056,439286
2020-08-31 00:00:00+00:00,242381,627041,462858
2020-09-01 00:00:00+00:00,243599,628259,470973
2020-09-02 00:00:00+00:00,244855,630595,479554
2020-09-03 00:00:00+00:00,246166,633015,488513
2020-09-04 00:00:00+00:00,247619,635078,498989
2020-09-05 00:00:00+00:00,248997,636884,498989
2020-09-06 00:00:00+00:00,249985,638517,498989
2020-09-07 00:00:00+00:00,250799,639362,525549
2020-09-08 00:00:00+00:00,252298,640441,534513
2020-09-09 00:00:00+00:00,253474,642431,543379
2020-09-10 00:00:00+00:00,255366,644438,554143
2020-09-11 00:00:00+00:00,256850,646398,566326
2020-09-12 00:00:00+00:00,258480,648214,566326
2020-09-13 00:00:00+00:00,259428,649793,566326
2020-09-14 00:00:00+00:00,260355,650749,593730
2020-09-15 00:00:00+00:00,261762,651521,603167
2020-09-16 00:00:00+00:00,263663,653444,614360
2020-09-17 00:00:00+00:00,265857,655572,625651
2020-09-18 00:00:00+00:00,267773,657627,640040
2020-09-19 00:00:00+00:00,270070,659656,640040
2020-09-20 00:00:00+00:00,271415,661211,640040
2020-09-21 00:00:00+00:00,272337,661936,671468
2020-09-22 00:00:00+00:00,274158,663282,682267
2020-09-23 00:00:00+00:00,275927,665188,693556
2020-09-24 00:00:00+00:00,278070,667049,704209
2020-09-25 00:00:00+00:00,280223,668529,716481
2020-09-26 00:00:00+00:00,282730,669498,716481
2020-09-27 00:00:00+00:00,284140,670766,716481
2020-09-28 00:00:00+00:00,285332,671669,748266
2020-09-29 00:00:00+00:00,287421,672572,748266
2020-09-30 00:00:00+00:00,289219,674339,769188
2020-10-01 00:00:00+00:00,291722,676084,778607
2020-10-02 00:00:00+00:00,294395,677833,789932
2020-10-03 00:00:00+00:00,296958,679716,789932
2020-10-04 00:00:00+00:00,299237,681289,789932
2020-10-05 00:00:00+00:00,300619,682215,813412
2020-10-06 00:00:00+00:00,303258,683242,825410
2020-10-07 00:00:00+00:00,306086,685155,835901
2020-10-08 00:00:00+00:00,310144,686891,848324
2020-10-09 00:00:00+00:00,314660,688352,861112
2020-10-10 00:00:00+00:00,319381,690896,861112
2020-10-11 00:00:00+00:00,322864,692471,861112
2020-10-12 00:00:00+00:00,325331,693359,888968
2020-10-13 00:00:00+00:00,329453,694537,896086
2020-10-14 00:00:00+00:00,334585,696414,908056
2020-10-15 00:00:00+00:00,341223,698184,921374
2020-10-16 00:00:00+00:00,348557,700203,936560
2020-10-17 00:00:00+00:00,356387,702131,936560
2020-10-18 00:00:00+00:00,361974,703793,936560
2020-10-19 00:00:00+00:00,366299,705254,974449
2020-10-20 00:00:00+00:00,373167,706304,988322
2020-10-21 00:00:00+00:00,380762,708359,1005295
2020-10-22 00:00:00+00:00,392049,710515,1026281
2020-10-23 00:00:00+00:00,403291,712412,1046132
2020-10-24 00:00:00+00:00,418005,714246,1046132
2020-10-25 00:00:00+00:00,429181,715868,1046132
2020-10-26 00:00:00+00:00,437866,716759,1098320
2020-10-27 00:00:00+00:00,449275,717851,1116738
2020-10-28 00:00:00+00:00,464239,719714,1136503
2020-10-29 00:00:00+00:00,481013,721770,1160083
2020-10-30 00:00:00+00:00,499694,723682,1185678
2020-10-31 00:00:00+00:00,518753,725452,1185678
2020-11-01 00:00:00+00:00,532930,726823,1185678
2020-11-02 00:00:00+00:00,545027,727595,1240697
2020-11-03 00:00:00+00:00,560379,728836,1259366
2020-11-04 00:00:00+00:00,577593,730548,1284408
2020-11-05 00:00:00+00:00,597583,732414,1306316
2020-11-06 00:00:00+00:00,619089,734175,1328832
2020-11-07 00:00:00+00:00,642488,735906,1328832
2020-11-08 00:00:00+00:00,658505,737278,1328832
2020-11-09 00:00:00+00:00,671868,738525,1381218
2020-11-10 00:00:00+00:00,687200,740254,1381218
2020-11-11 00:00:00+00:00,705687,742394,1417709
2020-11-12 00:00:00+00:00,727553,744732,1437220
2020-11-13 00:00:00+00:00,751095,746945,1458591
2020-11-14 00:00:00+00:00,773556,749182,1458591
2020-11-15 00:00:00+00:00,790503,751024,1458591
2020-11-16 00:00:00+00:00,801327,752269,1496864
2020-11-17 00:00:00+00:00,815746,754256,1510023
2020-11-18 00:00:00+00:00,833307,757144,1525341
2020-11-19 00:00:00+00:00,855916,759658,1541574
2020-11-20 00:00:00+00:00,879564,762763,1556730
2020-11-21 00:00:00+00:00,902528,765409,1556730
2020-11-22 00:00:00+00:00,918269,767679,1556730
2020-11-23 00:00:00+00:00,929133,769759,1582616
2020-11-24 00:00:00+00:00,942687,772252,1594844
2020-11-25 00:00:00+00:00,961320,775502,1605066
2020-11-26 00:00:00+00:00,983588,778571,1617355
2020-11-27 00:00:00+00:00,1006394,781941,1628208
2020-11-28 00:00:00+00:00,1028089,785139,1628208
2020-11-29 00:00:00+00:00,1042700,787702,1628208
2020-11-30 00:00:00+00:00,1053869,790004,1648187
2020-12-01 00:00:00+00:00,1067473,792299,1656444
2020-12-02 00:00:00+00:00,1084743,796472,1665775
2020-12-03 00:00:00+00:00,1106789,800872,1675902
2020-12-04 00:00:00+00:00,1130238,805804,1684647
2020-12-05 00:00:00+00:00,1153556,810449,1684647
2020-12-06 00:00:00+00:00,1171323,814565,1684647
2020-12-07 00:00:00+00:00,1183655,817878,1702328
2020-12-08 00:00:00+00:00,1197709,821889,1702328
2020-12-09 00:00:00+00:00,1218524,828598,1712101
2020-12-10 00:00:00+00:00,1242203,836764,1720056
2020-12-11 00:00:00+00:00,1272078,845083,1730575
2020-12-12 00:00:00+00:00,1300516,852965,1730575
2020-12-13 00:00:00+00:00,1320716,860964,1730575
2020-12-14 00:00:00+00:00,1337078,866127,1751884
2020-12-15 00:00:00+00:00,1351510,873679,1762212
2020-12-16 00:00:00+00:00,1379238,883687,1773290
2020-12-17 00:00:00+00:00,1406161,892813,1785421
2020-12-18 00:00:00+00:00,1439938,901538,1797236
2020-12-19 00:00:00+00:00,1471238,912477,1797236
2020-12-20 00:00:00+00:00,1494009,921922,1797236
2020-12-21 00:00:00+00:00,1510652,930711,1819249
2020-12-22 00:00:00+00:00,1530180,940212,1829903
2020-12-23 00:00:00+00:00,1554920,954258,1842289
2020-12-24 00:00:00+00:00,1587115,968563,1854951
2020-12-25 00:00:00+00:00,1587115,983359,1854951
2020-12-26 00:00:00+00:00,1627103,994911,1854951
2020-12-27 00:00:00+00:00,1640858,1004413,1854951
2020-12-28 00:00:00+00:00,1651834,1011871,1879413
2020-12-29 00:00:00+00:00,1664726,1021451,1893502
2020-12-30 00:00:00+00:00,1687185,1039161,1910218
2020-12-31 00:00:00+00:00,1719737,1057161,1928265
2021-01-01 00:00:00+00:00,1719737,1073887,1928265
2021-01-02 00:00:00+00:00,1755351,1088889,1928265
2021-01-03 00:00:00+00:00,1765666,1100748,1928265
2021-01-04 00:00:00+00:00,1775513,1113349,1958844
2021-01-05 00:00:00+00:00,1787410,1127759,1982544
2021-01-06 00:00:00+00:00,1808647,1149591,1982544
2021-01-07 00:00:00+00:00,1835038,1170590,2024904
2021-01-08 00:00:00+00:00,1866887,1192570,2050360
2021-01-09 00:00:00+00:00,1891581,1214176,2050360
2021-01-10 00:00:00+00:00,1908527,1231597,2050360
2021-01-11 00:00:00+00:00,1921024,1246643,2111782
2021-01-12 00:00:00+00:00,1933826,1259748,2137220
2021-01-13 00:00:00+00:00,1953426,1278303,2176089
2021-01-14 00:00:00+00:00,1978590,1296806,2211967
2021-01-15 00:00:00+00:00,2000958,1311686,2252164
2021-01-16 00:00:00+00:00,2019636,1325659,2252164
2021-01-17 00:00:00+00:00,2033518,1337926,2252164
2021-01-18 00:00:00+00:00,2040659,1346936,2336451
2021-01-19 00:00:00+00:00,2052028,1356716,2370742
2021-01-20 00:00:00+00:00,2068002,1369426,2412318
2021-01-21 00:00:00+00:00,2088400,1380807,2456675
2021-01-22 00:00:00+00:00,2106262,1392568,2499560
2021-01-23 00:00:00+00:00,2122679,1404839,2499560
2021-01-24 00:00:00+00:00,2134936,1412986,2499560
2021-01-25 00:00:00+00:00,2141665,1417537,2593382
2021-01-26 00:00:00+00:00,2148077,1423578,2629817
2021-01-27 00:00:00+00:00,2161275,1430648,2670102
2021-01-28 00:00:00+00:00,2178828,1437798,2705001
2021-01-29 00:00:00+00:00,2192850,1443939,2743119
2021-01-30 00:00:00+00:00,2205171,1449236,2743119
2021-01-31 00:00:00+00:00,2216363,1453761,2743119
2021-02-01 00:00:00+00:00,2221971,1456309,2822805
2021-02-02 00:00:00+00:00,2228085,1458958,2851869
2021-02-03 00:00:00+00:00,2237790,1463016,2883465
2021-02-04 00:00:00+00:00,2252001,1466767,2913425
2021-02-05 00:00:00+00:00,2264909,1470516,2941990
2021-02-06 00:00:00+00:00,2275394,1473700,2941990
2021-02-07 00:00:00+00:00,2284010,1476135,2941990
2021-02-08 00:00:00+00:00,2288545,1477511,2989085
2021-02-09 00:00:00+00:00,2291924,1479253,3005487
2021-02-10 00:00:00+00:00,2299996,1482412,3023601
2021-02-11 00:00:00+00:00,2310233,1484900,3041454
2021-02-12 00:00:00+00:00,2320093,1487681,3056035
2021-02-13 00:00:00+00:00,2328447,1490063,3056035
2021-02-14 00:00:00+00:00,2334561,1491807,3056035
2021-02-15 00:00:00+00:00,2338987,1492909,3086286
2021-02-16 00:00:00+00:00,2342843,1494119,3096343
2021-02-17 00:00:00+00:00,2350399,1496439,3107172
2021-02-18 00:00:00+00:00,2360606,1498766,3121687
2021-02-19 00:00:00+00:00,2369719,1500677,3133122
2021-02-20 00:00:00+00:00,2378883,1502367,3133122
2021-02-21 00:00:00+00:00,2386559,1503796,3133122
2021-02-22 00:00:00+00:00,2390928,1504588,3153971
2021-02-23 00:00:00+00:00,2394811,1505586,3161432
2021-02-24 00:00:00+00:00,2402818,1507448,3170644
2021-02-25 00:00:00+00:00,2414687,1509124,3180212
2021-02-26 00:00:00+00:00,2424684,1510778,3188553
2021-02-27 00:00:00+00:00,2434446,1512225,3188553
2021-02-28 00:00:00+00:00,2442336,1513393,3188553
2021-03-01 00:00:00+00:00,2447068,1513959,3204531
2021-03-02 00:00:00+00:00,2451011,1514815,3130184
2021-03-03 00:00:00+00:00,2460030,1516262,3136321
2021-03-04 00:00:00+00:00,2471942,1517666,3142358
2021-03-05 00:00:00+00:00,2482522,1518979,3149012
2021-03-06 00:00:00+00:00,2492079,1520206,3149012
2021-03-07 00:00:00+00:00,2500182,1521068,3149012
2021-03-08 00:00:00+00:00,2505193,1521706,3160970
2021-03-09 00:00:00+00:00,2509445,1522697,3164982
2021-03-10 00:00:00+00:00,2518591,1524174,3172101
2021-03-11 00:00:00+00:00,2532947,1525648,3178356
2021-03-12 00:00:00+00:00,2545781,1526873,3183704
2021-03-13 00:00:00+00:00,2558455,1528414,3183704
2021-03-14 00:00:00+00:00,2569245,1529420,3183704
2021-03-15 00:00:00+00:00,2575849,1530033,3195062
2021-03-16 00:00:00+00:00,2581329,1530966,3200024
2021-03-17 00:00:00+00:00,2594764,1532497,3206116
2021-03-18 00:00:00+00:00,2612268,1533961,3212332
2021-03-19 00:00:00+00:00,2629750,1535423,3212332
2021-03-20 00:00:00+00:00,2645783,1536801,3212332
2021-03-21 00:00:00+00:00,2659516,1537852,3212332
2021-03-22 00:00:00+00:00,2667225,1538451,3228803
2021-03-23 00:00:00+00:00,2674710,1538961,3234319
2021-03-24 00:00:00+00:00,2690523,1540009,3234319
2021-03-25 00:00:00+00:00,2713180,1541563,3247738
2021-03-26 00:00:00+00:00,2734753,1543079,3255324
2021-03-27 00:00:00+00:00,2755225,1544466,3255324
2021-03-28 00:00:00+00:00,2772401,1545431,3255324
2021-03-29 00:00:00+00:00,2782273,1545979,3270825
2021-03-30 00:00:00+00:00,2791822,1546735,3275819
2021-03-31 00:00:00+00:00,2808873,1548157,3284353
2021-04-01 00:00:00+00:00,2833173,1549451,3291394
2021-04-02 00:00:00+00:00,2855061,1550724,3291394
2021-04-03 00:00:00+00:00,2873190,1551501,3300965
2021-04-04 00:00:00+00:00,2885386,1551964,3300965
2021-04-05 00:00:00+00:00,2893883,1552416,3311325
2021-04-06 00:00:00+00:00,2900768,1552853,3317948
2021-04-07 00:00:00+00:00,2910445,1553609,3326736
2021-04-08 00:00:00+00:00,2930852,1554975,3336637
2021-04-09 00:00:00+00:00,2956316,1556242,3347512
2021-04-10 00:00:00+00:00,2980413,1557527,3347512
2021-04-11 00:00:00+00:00,2998268,1558458,3347512
2021-04-12 00:00:00+00:00,3011513,1559113,3370256
2021-04-13 00:00:00+00:00,3022323,1559960,3376548
2021-04-14 00:00:00+00:00,3044016,1561559,3387022
2021-04-15 00:00:00+00:00,3073442,1562931,3396685
2021-04-16 00:00:00+00:00,3099273,1564355,3407283
2021-04-17 00:00:00+00:00,3123077,1565680,3407283
2021-04-18 00:00:00+00:00,3142262,1566769,3407283
2021-04-19 00:00:00+00:00,3153699,1567513,3428354
2021-04-20 00:00:00+00:00,3163308,1568366,3428354
2021-04-21 00:00:00+00:00,3188192,1569935,3446072
2021-04-22 00:00:00+00:00,3217710,1571348,3456886
2021-04-23 00:00:00+00:00,3245253,1572985,3468617
2021-04-24 00:00:00+00:00,3268645,1574370,3468617
2021-04-25 00:00:00+00:00,3287418,1575471,3468617
2021-04-26 00:00:00+00:00,3299325,1576320,3488469
2021-04-27 00:00:00+00:00,3310301,1577200,3496134
2021-04-28 00:00:00+00:00,3332532,1578450,3504799
2021-04-29 00:00:00+00:00,3357268,1579536,3514942
2021-04-30 00:00:00+00:00,3381597,1581210,3524077
2021-05-01 00:00:00+00:00,3400532,1582842,3524077
2021-05-02 00:00:00+00:00,3416822,1584064,3524077
2021-05-03 00:00:00+00:00,3425982,1584961,3540430
2021-05-04 00:00:00+00:00,3433516,1586148,3544945
2021-05-05 00:00:00+00:00,3451550,1588221,3551262
2021-05-06 00:00:00+00:00,3473503,1590370,3559222
2021-05-07 00:00:00+00:00,3491988,1592626,3567408
2021-05-08 00:00:00+00:00,3507673,1592626,3567408
2021-05-09 00:00:00+00:00,3520329,1596595,3567408
2021-05-10 00:00:00+00:00,3527251,1597724,3581392
2021-05-11 00:00:00+00:00,3533376,1599272,3586333
2021-05-12 00:00:00+00:00,3548285,1602031,3592751
2021-05-13 00:00:00+00:00,3565704,1605252,3598452
2021-05-14 00:00:00+00:00,3577040,1608393,3604799
2021-05-15 00:00:00+00:00,3584934,1611143,3604799
2021-05-16 00:00:00+00:00,3593434,1613728,3604799
2021-05-17 00:00:00+00:00,3598846,1615485,3615860
2021-05-18 00:00:00+00:00,3603055,1617840,3619848
2021-05-19 00:00:00+00:00,3614095,1621362,3625928
2021-05-20 00:00:00+00:00,3626393,1625003,3631661
2021-05-21 00:00:00+00:00,3635162,1628335,3636453
2021-05-22 00:00:00+00:00,3642244,1632571,3636453
2021-05-23 00:00:00+00:00,3648958,1635465,3636453
2021-05-24 00:00:00+00:00,3651640,1637848,3647520
2021-05-25 00:00:00+00:00,3653551,1637848,3652879
2021-05-26 00:00:00+00:00,3656177,1645555,3657886
2021-05-27 00:00:00+00:00,3662490,1649977,3663176
2021-05-28 00:00:00+00:00,3669870,1654551,3668658
2021-05-29 00:00:00+00:00,3675296,1659070,3668658
2021-05-30 00:00:00+00:00,3679148,1659070,3668658
2021-05-31 00:00:00+00:00,3681126,1665617,3678390
2021-06-01 00:00:00+00:00,3682911,1669231,3682778
2021-06-02 00:00:00+00:00,3687828,1675013,3687762
2021-06-03 00:00:00+00:00,3692468,1680373,3693012
2021-06-04 00:00:00+00:00,3695633,1686041,3697981
2021-06-05 00:00:00+00:00,3697927,1691491,3697981
2021-06-06 00:00:00+00:00,3700367,1696564,3697981
2021-06-07 00:00:00+00:00,3701484,1699849,3707523
2021-06-08 00:00:00+00:00,3702688,1704058,3711027
2021-06-09 00:00:00+00:00,3705942,1712939,3715454
2021-06-10 00:00:00+00:00,3709129,1722086,3729458
2021-06-11 00:00:00+00:00,3711569,1730106,3733600
2021-06-12 00:00:00+00:00,3713480,1739425,3733600
2021-06-13 00:00:00+00:00,3714969,1747082,3733600
2021-06-14 00:00:00+00:00,3715518,1752630,3741767
2021-06-15 00:00:00+00:00,3716170,1761066,3745199
2021-06-16 00:00:00+00:00,3717625,1774312,3749031
2021-06-17 00:00:00+00:00,3718955,1786079,3753228
2021-06-18 00:00:00+00:00,3720031,1796589,3757442
2021-06-19 00:00:00+00:00,3720031,1810164,3757442
2021-06-20 00:00:00+00:00,3721981,1823319,3757442
2021-06-21 00:00:00+00:00,3722327,1832479,3764651
2021-06-22 00:00:00+00:00,3722782,1843572,3768691
2021-06-23 00:00:00+00:00,3723798,1861065,3773032
2021-06-24 00:00:00+00:00,3724806,1877143,3777539
2021-06-25 00:00:00+00:00,3725580,1895905,3782463
2021-06-26 00:00:00+00:00,3726172,1913861,3782463
2021-06-27 00:00:00+00:00,3726710,1928897,3782463
2021-06-28 00:00:00+00:00,3726929,1941119,3792642
2021-06-29 00:00:00+00:00,3727333,1954466,3799733
2021-06-30 00:00:00+00:00,3728141,1973972,3808960
2021-07-01 00:00:00+00:00,3729033,1995556,3821305
2021-07-02 00:00:00+00:00,3729682,2019826,3833868
2021-07-03 00:00:00+00:00,3729682,2046311,3833868
2021-07-04 00:00:00+00:00,3729682,2062896,3833868
2021-07-05 00:00:00+00:00,3731124,2075409,3866475
2021-07-06 00:00:00+00:00,3731564,2090909,3880612
2021-07-07 00:00:00+00:00,3732549,2112336,3897996
2021-07-08 00:00:00+00:00,3733519,2135246,3915313
2021-07-09 00:00:00+00:00,3734468,2157687,3937192
2021-07-10 00:00:00+00:00,3734468,2179297,3937192
2021-07-11 00:00:00+00:00,3734468,2195599,3937192
2021-07-12 00:00:00+00:00,3736489,2206781,3971124
2021-07-13 00:00:00+00:00,3737135,2219316,4015084
2021-07-14 00:00:00+00:00,3738683,2236805,4041474
2021-07-15 00:00:00+00:00,3740325,2253240,4069162
2021-07-16 00:00:00+00:00,3741781,2269179,4100222
2021-07-17 00:00:00+00:00,3741781,2283880,4100222
2021-07-18 00:00:00+00:00,3741781,2295095,4100222
2021-07-19 00:00:00+00:00,3745227,2302304,4161850
2021-07-20 00:00:00+00:00,3746410,2311232,4189136
2021-07-21 00:00:00+00:00,3748613,2327472,4219723
2021-07-22 00:00:00+00:00,3750503,2342330,4249258
2021-07-23 00:00:00+00:00,3752592,2356049,4280429
2021-07-24 00:00:00+00:00,3752592,2368105,4280429
2021-07-25 00:00:00+00:00,3752592,2377823,4280429
2021-07-26 00:00:00+00:00,3756856,2383490,4342054
2021-07-27 00:00:00+00:00,3758401,2391223,4368453
2021-07-28 00:00:00+00:00,3761169,2408525,4395602
2021-07-29 00:00:00+00:00,3764311,2422151,4422291
2021-07-30 00:00:00+00:00,3766765,2435036,4447044
2021-07-31 00:00:00+00:00,3766765,2447454,4447044
2021-08-01 00:00:00+00:00,3766765,2456184,4447044
2021-08-02 00:00:00+00:00,3772109,2461758,4502983
2021-08-03 00:00:00+00:00,3773875,2470746,4523310
2021-08-04 00:00:00+00:00,3777446,2484009,4545184
2021-08-05 00:00:00+00:00,3780985,2497655,4566571
2021-08-06 00:00:00+00:00,3784433,2511178,4588132
2021-08-07 00:00:00+00:00,3784433,2523488,4588132
2021-08-08 00:00:00+00:00,3784433,2533466,4588132
2021-08-09 00:00:00+00:00,3791949,2540222,4627770
2021-08-10 00:00:00+00:00,3794429,2546762,4643450
2021-08-11 00:00:00+00:00,3799425,2554240,4660473
2021-08-12 00:00:00+00:00,3805063,2568511,4677883
2021-08-13 00:00:00+00:00,3810641,2582427,4693540
2021-08-14 00:00:00+00:00,3810641,2595447,4693540
2021-08-15 00:00:00+00:00,3810641,2605586,4693540
2021-08-16 00:00:00+00:00,3823139,2613569,4719266
2021-08-17 00:00:00+00:00,3827051,2624254,4733602
2021-08-18 00:00:00+00:00,3835375,2638981,4745558
2021-08-19 00:00:00+00:00,3843775,2652652,4758003
2021-08-20 00:00:00+00:00,3853055,2666964,4770453
2021-08-21 00:00:00+00:00,3853055,2680225,4770453
2021-08-22 00:00:00+00:00,3853055,2690973,4770453
2021-08-23 00:00:00+00:00,3871865,2698605,4794352
2021-08-24 00:00:00+00:00,3877612,2708951,4804424
2021-08-25 00:00:00+00:00,3889173,2722202,4815205
2021-08-26 00:00:00+00:00,3901799,2734973,4822320
2021-08-27 00:00:00+00:00,3913828,2747018,4831809
2021-08-28 00:00:00+00:00,3913828,2757191,4831809
2021-08-29 00:00:00+00:00,3913828,2764931,4831809
2021-08-30 00:00:00+00:00,3937106,2770575,4847298
2021-08-31 00:00:00+00:00,3942856,2777659,4855065
2021-09-01 00:00:00+00:00,3956387,2787203,4861883
2021-09-02 00:00:00+00:00,3970102,2796405,4871444
2021-09-03 00:00:00+00:00,3984353,2805604,4877755
2021-09-04 00:00:00+00:00,3984353,2814014,4877755
2021-09-05 00:00:00+00:00,3984353,2819945,4877755
2021-09-06 00:00:00+00:00,4010390,2824063,4887112
2021-09-07 00:00:00+00:00,4017116,2829834,4892640
2021-09-08 00:00:00+00:00,4030681,2836773,4898258
2021-09-09 00:00:00+00:00,4046112,2843042,4903021
2021-09-10 00:00:00+00:00,4059081,2848925,4907461
2021-09-11 00:00:00+00:00,4059081,2854234,4907461
2021-09-12 00:00:00+00:00,4059081,2858195,4907461
2021-09-13 00:00:00+00:00,4083151,2860835,4915265
2021-09-14 00:00:00+00:00,4089476,2864534,4918526
2021-09-15 00:00:00+00:00,4101931,2869201,4922249
2021-09-16 00:00:00+00:00,4114856,2873415,4926324
2021-09-17 00:00:00+00:00,4125878,2877063,4929546
2021-09-18 00:00:00+00:00,4125878,2880349,4929546
2021-09-19 00:00:00+00:00,4125878,2882630,4929546
2021-09-20 00:00:00+00:00,4145852,2884134,4935534
2021-09-21 00:00:00+00:00,4150516,2886331,4937984
2021-09-22 00:00:00+00:00,4160970,2889298,4940824
2021-09-23 00:00:00+00:00,4171666,2892081,4943855
2021-09-24 00:00:00+00:00,4181393,2894342,4946601
2021-09-25 00:00:00+00:00,4181393,2895976,4946601
2021-09-26 00:00:00+00:00,4181393,2896943,4946601
2021-09-27 00:00:00+00:00,4199400,2897521,4951640
2021-09-28 00:00:00+00:00,4203571,2898888,4953930
2021-09-29 00:00:00+00:00,4215351,2898888,4956691
2021-09-30 00:00:00+00:00,4227501,2902672,4959091
2021-10-01 00:00:00+00:00,4237619,2904307,4961128
2021-10-02 00:00:00+00:00,4237619,2905613,4961128
2021-10-03 00:00:00+00:00,4237619,2906422,4961128
2021-10-04 00:00:00+00:00,4255388,2906851,4965399
2021-10-05 00:00:00+00:00,4260187,2907619,4967200
2021-10-06 00:00:00+00:00,4271734,2908768,4969503
2021-10-07 00:00:00+00:00,4283378,2909757,4971310
2021-10-08 00:00:00+00:00,4293807,2910681,4973619
2021-10-09 00:00:00+00:00,4293807,2911497,4973619
2021-10-10 00:00:00+00:00,4293807,2912145,4973619
2021-10-11 00:00:00+00:00,4313384,2912346,4977448
2021-10-12 00:00:00+00:00,4318355,2912938,4977448
2021-10-13 00:00:00+00:00,4330258,2913880,4980206
2021-10-14 00:00:00+00:00,4342640,2914827,4982138
2021-10-15 00:00:00+00:00,4354158,2915560,4984386
2021-10-16 00:00:00+00:00,4354158,2916179,4984386
2021-10-17 00:00:00+00:00,4354158,2916593,4984386
2021-10-18 00:00:00+00:00,4377845,2916803,4988878
2021-10-19 00:00:00+00:00,4384616,2917255,4990767
2021-10-20 00:00:00+00:00,4401631,2917846,4993295
2021-10-21 00:00:00+00:00,4417708,2918366,4995176
2021-10-22 00:00:00+00:00,4437280,2918883,4997732
2021-10-23 00:00:00+00:00,4437280,2919332,4997732
2021-10-24 00:00:00+00:00,4437280,2919632,4997732
2021-10-25 00:00:00+00:00,4472730,2919778,5002217
2021-10-26 00:00:00+00:00,4483203,2920109,5004143
2021-10-27 00:00:00+00:00,4506415,2920581,5006675
2021-10-28 00:00:00+00:00,4534452,2921114,5008887
2021-10-29 00:00:00+00:00,4559120,2921589,5011148
2021-10-30 00:00:00+00:00,4559120,2921886,5011148
2021-10-31 00:00:00+00:00,4559120,2922116,5011148
2021-11-01 00:00:00+00:00,4607208,2922222,5011148
2021-11-02 00:00:00+00:00,4618021,2922391,5016968
2021-11-03 00:00:00+00:00,4638419,2922735,5019255
2021-11-04 00:00:00+00:00,4672368,2923054,5022546
2021-11-05 00:00:00+00:00,4709488,2923393,5025639
2021-11-06 00:00:00+00:00,4709488,2923751,5025639
2021-11-07 00:00:00+00:00,4709488,2923956,5025639
2021-11-08 00:00:00+00:00,4782546,2924072,5032056
2021-11-09 00:00:00+00:00,4804378,2924317,5032056
2021-11-10 00:00:00+00:00,4844054,2924622,5038517
2021-11-11 00:00:00+00:00,4894250,2924978,5042803
2021-11-12 00:00:00+00:00,4942890,2925371,5047156
2021-11-13 00:00:00+00:00,4942890,2925677,5047156
2021-11-14 00:00:00+00:00,4942890,2925939,5047156
2021-11-15 00:00:00+00:00,5045076,2926075,5056954
2021-11-16 00:00:00+00:00,5077124,2926348,5061045
2021-11-17 00:00:00+00:00,5129950,2926914,5067712
2021-11-18 00:00:00+00:00,5195321,2927499,5074027
2021-11-19 00:00:00+00:00,5248291,2928288,5080663
2021-11-20 00:00:00+00:00,5248291,2929175,5080663
2021-11-21 00:00:00+00:00,5248291,2929862,5080663
2021-11-22 00:00:00+00:00,5385585,2930174,5096538
2021-11-23 00:00:00+00:00,5430911,2948760,5103315
2021-11-24 00:00:00+00:00,5497795,2950035,5111842
2021-11-25 00:00:00+00:00,5573756,2952500,5121100
2021-11-26 00:00:00+00:00,5650170,2955328,5131012
2021-11-27 00:00:00+00:00,5650170,2958548,5131012
2021-11-28 00:00:00+00:00,5650170,2961406,5131012
2021-11-29 00:00:00+00:00,5791060,2963679,5153923
2021-11-30 00:00:00+00:00,5836813,2968052,5164184
2021-12-01 00:00:00+00:00,5903999,2976613,5174720
2021-12-02 00:00:00+00:00,5977208,2988148,5189220
2021-12-03 00:00:00+00:00,6051560,3004203,5202958
2021-12-04 00:00:00+00:00,6051560,3020569,5202958
2021-12-05 00:00:00+00:00,6051560,3031694,5202958
2021-12-06 00:00:00+00:00,6185961,3038075,5202958
2021-12-07 00:00:00+00:00,6222020,3051222,5246766
2021-12-08 00:00:00+00:00,6291621,3071064,5246766
2021-12-09 00:00:00+00:00,6362232,3093452,5273178
2021-12-10 00:00:00+00:00,6423520,3112469,5290273
2021-12-11 00:00:00+00:00,6423520,3129622,5290190
2021-12-12 00:00:00+00:00,6423520,3167497,5290190
2021-12-13 00:00:00+00:00,6531606,3180785,5339992
2021-12-14 00:00:00+00:00,6562429,3204642,5366128
2021-12-15 00:00:00+00:00,6613730,3231031,5393268
2021-12-16 00:00:00+00:00,6670407,3255816,5422168
2021-12-17 00:00:00+00:00,6721375,3276529,5455527
2021-12-18 00:00:00+00:00,6721375,3292609,5455527
2021-12-19 00:00:00+00:00,6721375,3308074,5455527
2021-12-20 00:00:00+00:00,6809622,3316585,5535231
2021-12-21 00:00:00+00:00,6833050,3332008,5585054
2021-12-22 00:00:00+00:00,6878709,3353106,5645095
2021-12-23 00:00:00+00:00,6923636,3374262,5718007
2021-12-24 00:00:00+00:00,6923636,3393109,5718007
2021-12-25 00:00:00+00:00,6923636,3407937,5718007
2021-12-26 00:00:00+00:00,6923636,3413540,5718007
2021-12-27 00:00:00+00:00,7005289,3417318,5932626
2021-12-28 00:00:00+00:00,7026369,3424534,6032297
2021-12-29 00:00:00+00:00,7066412,3433554,6133057
2021-12-30 00:00:00+00:00,7109182,3446532,6294745
2021-12-31 00:00:00+00:00,7109182,3458286,6294745
2022-01-01 00:00:00+00:00,7109182,3468079,6294745
2022-01-02 00:00:00+00:00,7109182,3472436,6294745
2022-01-03 00:00:00+00:00,7109182,3475512,6667511
2022-01-04 00:00:00+00:00,7238408,3483590,6785286
2022-01-05 00:00:00+00:00,7297320,3494696,6922466
2022-01-06 00:00:00+00:00,7361660,3504554,6922466
2022-01-07 00:00:00+00:00,7417995,3513813,7164906
2022-01-08 00:00:00+00:00,7417995,3521572,7164906
2022-01-09 00:00:00+00:00,7417995,3526054,7164906
2022-01-10 00:00:00+00:00,7535691,3528463,7457300
2022-01-11 00:00:00+00:00,7581381,3534131,7592242
2022-01-12 00:00:00+00:00,7661811,3540891,7771367
2022-01-13 00:00:00+00:00,7743228,3546808,7930528
2022-01-14 00:00:00+00:00,7835451,3552043,8093036
2022-01-15 00:00:00+00:00,7835451,3556633,8093036
2022-01-16 00:00:00+00:00,7835451,3559292,8093036
2022-01-17 00:00:00+00:00,8000122,3560921,8424503
2022-01-18 00:00:00+00:00,8074527,3564578,8518975
2022-01-19 00:00:00+00:00,8186850,3564578,8676916
2022-01-20 00:00:00+00:00,8320386,3572860,8834363
2022-01-21 00:00:00+00:00,8460546,3576379,8975458
2022-01-22 00:00:00+00:00,8460546,3579428,8975458
2022-01-23 00:00:00+00:00,8460546,3581359,8975458
2022-01-24 00:00:00+00:00,8744840,3582691,9280890
2022-01-25 00:00:00+00:00,8871795,3585888,9395767
2022-01-26 00:00:00+00:00,9035795,3590399,9529320
2022-01-27 00:00:00+00:00,9238931,3594499,9660208
2022-01-28 00:00:00+00:00,9429079,3598288,9779130
2022-01-29 00:00:00+00:00,9429079,3601630,9779130
2022-01-30 00:00:00+00:00,9429079,3603856,9779130
2022-01-31 00:00:00+00:00,9815533,3605222,9961253
2022-02-01 00:00:00+00:00,9978146,3608307,10039126
2022-02-02 00:00:00+00:00,10186644,3612809,10125348
2022-02-03 00:00:00+00:00,10422764,3616075,10199716
2022-02-04 00:00:00+00:00,10671602,3616075,10199716
2022-02-05 00:00:00+00:00,10671602,3622210,10199716
2022-02-06 00:00:00+00:00,10671602,3623962,10199716
2022-02-07 00:00:00+00:00,11117857,3625190,10395471
2022-02-08 00:00:00+00:00,11287428,3626014,10439302
2022-02-09 00:00:00+00:00,11521678,3631642,10502141
2022-02-10 00:00:00+00:00,11769540,3634811,10555196
2022-02-11 00:00:00+00:00,12009712,3637673,10604200
2022-02-12 00:00:00+00:00,12009712,3640162,10604200
2022-02-13 00:00:00+00:00,12009712,3641811,10604200
2022-02-14 00:00:00+00:00,12421126,3642905,10672906
2022-02-15 00:00:00+00:00,12580343,3645269,10707286
2022-02-16 00:00:00+00:00,12800315,3648968,10744394
2022-02-17 00:00:00+00:00,13035941,3652024,10778607
2022-02-18 00:00:00+00:00,13255989,3654824,10809222
2022-02-19 00:00:00+00:00,13255989,3657091,10809222
2022-02-20 00:00:00+00:00,13255989,3658547,10809222
2022-02-21 00:00:00+00:00,13636993,3659698,10858000
2022-02-22 00:00:00+00:00,13762895,3662032,10880193
2022-02-23 00:00:00+00:00,13971947,3665149,10914105
2022-02-24 00:00:00+00:00,14188269,3667560,10949997
2022-02-25 00:00:00+00:00,14399012,3669671,10977524
2022-02-26 00:00:00+00:00,14399012,3671991,10977524
2022-02-27 00:00:00+00:00,14399012,3673257,10977524
2022-02-28 00:00:00+00:00,14745107,3674042,10977524
2022-03-01 00:00:00+00:00,14867218,3675691,11036085
2022-03-02 00:00:00+00:00,15053624,3677686,11054888
2022-03-03 00:00:00+00:00,15264297,3679539,11078028
2022-03-04 00:00:00+00:00,15481890,3681437,11100428
2022-03-05 00:00:00+00:00,15481890,3683172,11100428
2022-03-06 00:00:00+00:00,15481890,3684319,11100428
2022-03-07 00:00:00+00:00,15869417,3685120,11136425
2022-03-08 00:00:00+00:00,15869417,3686556,11159574
2022-03-09 00:00:00+00:00,16242070,3688423,11181510
2022-03-10 00:00:00+00:00,16504822,3690291,11204125
2022-03-11 00:00:00+00:00,16757658,3691962,11223974
2022-03-12 00:00:00+00:00,16757658,3693532,11223974
2022-03-13 00:00:00+00:00,16757658,3694504,11223974
2022-03-14 00:00:00+00:00,17233729,3695175,11223974
2022-03-15 00:00:00+00:00,17432617,3696823,11260040
2022-03-16 00:00:00+00:00,17695210,3698803,11260040
2022-03-17 00:00:00+00:00,17990141,3700484,11260040
2022-03-18 00:00:00+00:00,18287986,3702042,11324637
2022-03-19 00:00:00+00:00,18287986,3703329,11324637
2022-03-20 00:00:00+00:00,18287986,3704218,11324637
2022-03-21 00:00:00+00:00,18772331,3704784,11324637
2022-03-22 00:00:00+00:00,18994411,3705696,11378784
2022-03-23 00:00:00+00:00,19278143,3707089,11378784
2022-03-24 00:00:00+00:00,19596530,3709209,11378784
2022-03-25 00:00:00+00:00,19893028,3710766,11451676
2022-03-26 00:00:00+00:00,19893028,3712263,11451676
2022-03-27 00:00:00+00:00,19893028,3713252,11451676
2022-03-28 00:00:00+00:00,20323779,3713833,11451676
2022-03-29 00:00:00+00:00,20561131,3715390,11508309
2022-03-30 00:00:00+00:00,20829608,3717067,11508309
2022-03-31 00:00:00+00:00,21104509,3718953,11508309
2022-04-01 00:00:00+00:00,21357039,3718953,11551574
2022-04-02 00:00:00+00:00,21357039,3718953,11551574
2022-04-03 00:00:00+00:00,21357039,3722954,11551574
2022-04-04 00:00:00+00:00,21668677,3722954,11551574
2022-04-05 00:00:00+00:00,21849074,3725177,11578653
2022-04-06 00:00:00+00:00,22064059,3727208,11578653
2022-04-07 00:00:00+00:00,22265788,3728689,11578653
2022-04-08 00:00:00+00:00,22441051,3730066,11627487
2022-04-09 00:00:00+00:00,22441051,3731247,11627487
2022-04-10 00:00:00+00:00,22441051,3732075,11627487
2022-04-11 00:00:00+00:00,22677986,3732628,11627487
2022-04-12 00:00:00+00:00,22840776,3733919,11662214
2022-04-13 00:00:00+00:00,23017079,3735578,11662214
2022-04-14 00:00:00+00:00,23182447,3737346,11662214
2022-04-15 00:00:00+00:00,23182447,3739192,11662214
2022-04-16 00:00:00+00:00,23182447,3740398,11662214
2022-04-17 00:00:00+00:00,23182447,3741230,11662214
2022-04-18 00:00:00+00:00,23182447,3742107,11662214
2022-04-19 00:00:00+00:00,23459628,3743582,11736893
2022-04-20 00:00:00+00:00,23658211,3746424,11736893
2022-04-21 00:00:00+00:00,23844536,3750830,11736893
2022-04-22 00:00:00+00:00,24006254,3755459,11786036
2022-04-23 00:00:00+00:00,24006254,3759689,11786036
2022-04-24 00:00:00+00:00,24006254,3762911,11786036
2022-04-25 00:00:00+00:00,24200596,3764865,11786036
2022-04-26 00:00:00+00:00,24337394,3769927,11833457
2022-04-27 00:00:00+00:00,24479055,3776298,11833457
2022-04-28 00:00:00+00:00,24609159,3780444,11833457
2022-04-29 00:00:00+00:00,24710769,3785398,11896152
2022-04-30 00:00:00+00:00,24710769,3791125,11896152
2022-05-01 00:00:00+00:00,24710769,3795763,11896152
2022-05-02 00:00:00+00:00,24813817,3798413,11896152
2022-05-03 00:00:00+00:00,24927339,3802198,11953481
2022-05-04 00:00:00+00:00,25033970,3808368,11953481
2022-05-05 00:00:00+00:00,25130137,3818125,11953481
2022-05-06 00:00:00+00:00,25215210,3827378,12009059
2022-05-07 00:00:00+00:00,25215210,3835902,12009059
2022-05-08 00:00:00+00:00,25215210,3841388,12009059
2022-05-09 00:00:00+00:00,25299300,3844625,12058888
2022-05-10 00:00:00+00:00,25406868,3852148,12058888
2022-05-11 00:00:00+00:00,25503878,3862165,12058888
2022-05-12 00:00:00+00:00,25592839,3871085,12058888
2022-05-13 00:00:00+00:00,25661838,3879434,12127122
2022-05-14 00:00:00+00:00,25661838,3887449,12127122
2022-05-15 00:00:00+00:00,25661838,3891793,12127122
2022-05-16 00:00:00+00:00,25732153,3894745,12127122
2022-05-17 00:00:00+00:00,25818405,3899841,12179234
2022-05-18 00:00:00+00:00,25890456,3908020,12179234
2022-05-19 00:00:00+00:00,25949175,3908020,12179234
2022-05-20 00:00:00+00:00,25998085,3921633,12179234
2022-05-21 00:00:00+00:00,25998085,3926652,12234806
2022-05-22 00:00:00+00:00,25998085,3929872,12234806
2022-05-23 00:00:00+00:00,26045528,3931534,12234806
2022-05-24 00:00:00+00:00,26109965,3935761,12238073
2022-05-25 00:00:00+00:00,26159106,3941045,12238073
2022-05-26 00:00:00+00:00,26159106,3944845,12280345
2022-05-27 00:00:00+00:00,26200663,3948119,12326264
2022-05-28 00:00:00+00:00,26244107,3952193,12326264
2022-05-29 00:00:00+00:00,26244107,3953967,12326264
2022-05-30 00:00:00+00:00,26244107,3954971,12326264
2022-05-31 00:00:00+00:00,26305996,3957777,12326264
2022-06-01 00:00:00+00:00,26360953,3960424,12360256
2022-06-02 00:00:00+00:00,26409455,3963394,12360256
2022-06-03 00:00:00+00:00,26452148,3965422,12403245
2022-06-04 00:00:00+00:00,26452148,3967078,12403245
2022-06-05 00:00:00+00:00,26452148,3968205,12403245
2022-06-06 00:00:00+00:00,26452148,3968205,12403245
2022-06-07 00:00:00+00:00,26498361,3970993,12436538
2022-06-08 00:00:00+00:00,26583016,3973086,12436538
2022-06-09 00:00:00+00:00,26660652,3975062,12436538
2022-06-10 00:00:00+00:00,26738530,3976653,12478994
2022-06-11 00:00:00+00:00,26738530,3977628,12478994
2022-06-12 00:00:00+00:00,26738530,3978590,12478994
2022-06-13 00:00:00+00:00,26809245,3979126,12478994
2022-06-14 00:00:00+00:00,26915085,3979836,12515127
2022-06-15 00:00:00+00:00,27007429,3981739,12515127
2022-06-16 00:00:00+00:00,27096571,3983675,12515127
2022-06-17 00:00:00+00:00,27124689,3984646,12563399
2022-06-18 00:00:00+00:00,27124689,3984646,12563399
2022-06-19 00:00:00+00:00,27124689,3986601,12563399
2022-06-20 00:00:00+00:00,27211896,3986892,12563399
2022-06-21 00:00:00+00:00,27334993,3986892,12613634
2022-06-22 00:00:00+00:00,27454225,3989007,12613634
2022-06-23 00:00:00+00:00,27573585,3990057,12613634
2022-06-24 00:00:00+00:00,27681775,3991003,12681820
2022-06-25 00:00:00+00:00,27681775,3991944,12681820
2022-06-26 00:00:00+00:00,27681775,3992449,12681820
2022-06-27 00:00:00+00:00,27771911,3992661,12681820
2022-06-28 00:00:00+00:00,27914240,3993004,12734038
2022-06-29 00:00:00+00:00,28048190,3993444,12734038
2022-06-30 00:00:00+00:00,28180861,3993444,12734038
2022-07-01 00:00:00+00:00,28293960,3993843,12818184
2022-07-02 00:00:00+00:00,28293960,3994223,12818184
2022-07-03 00:00:00+00:00,28293960,3995291,12818184
2022-07-04 00:00:00+00:00,28394995,3995291,12818184
2022-07-05 00:00:00+00:00,28542484,3995784,12890002
2022-07-06 00:00:00+00:00,28673212,3995784,12890002
2022-07-07 00:00:00+00:00,28808614,3996904,12890002
2022-07-08 00:00:00+00:00,28926346,3997269,12973615
2022-07-09 00:00:00+00:00,28926346,3997269,12973615
2022-07-10 00:00:00+00:00,28926346,3997269,12973615
2022-07-11 00:00:00+00:00,29025760,3997975,12973615
2022-07-12 00:00:00+00:00,29180489,3997975,13032841
2022-07-13 00:00:00+00:00,29308100,3998466,13032841
2022-07-14 00:00:00+00:00,29460249,3998466,13032841
2022-07-15 00:00:00+00:00,29569943,3998466,13090476
2022-07-16 00:00:00+00:00,29569943,3999751,13090476
2022-07-17 00:00:00+00:00,29569943,3999751,13090476
2022-07-18 00:00:00+00:00,29692989,3999751,13090476
2022-07-19 00:00:00+00:00,29853680,4000894,13132159
2022-07-20 00:00:00+00:00,29994679,4001444,13132159
2022-07-21 00:00:00+00:00,30131303,4001816,13132159
2022-07-22 00:00:00+00:00,30239122,4002133,13204863
2022-07-23 00:00:00+00:00,30239122,4002133,13204863
2022-07-24 00:00:00+00:00,30239122,4002133,13204863
2022-07-25 00:00:00+00:00,30331133,4002981,13204863
2022-07-26 00:00:00+00:00,30476605,4002981,13203228
2022-07-27 00:00:00+00:00,30598385,4002981,13203228
2022-07-28 00:00:00+00:00,30702511,4004201,13203228
2022-07-29 00:00:00+00:00,30787309,4004555,13226579
2022-07-30 00:00:00+00:00,30787309,4004555,13226579
2022-07-31 00:00:00+00:00,30787309,4005124,13226579
2022-08-01 00:00:00+00:00,30854175,4005124,13226579
2022-08-02 00:00:00+00:00,30956873,4005124,13245996
2022-08-03 00:00:00+00:00,31044554,4005124,13245996
2022-08-04 00:00:00+00:00,31119199,4005124,13245996
2022-08-05 00:00:00+00:00,31178705,4005124,13266184
2022-08-06 00:00:00+00:00,31178705,4005124,13266184
2022-08-07 00:00:00+00:00,31178705,4006871,13266184
2022-08-08 00:00:00+00:00,31228322,4006871,13266184
2022-08-09 00:00:00+00:00,31307020,4006916,13280557
2022-08-10 00:00:00+00:00,31379757,4006916,13280557
2022-08-11 00:00:00+00:00,31439645,4007080,13280557
2022-08-12 00:00:00+00:00,31489484,4007080,13294139
2022-08-13 00:00:00+00:00,31489484,4007925,13294139
2022-08-14 00:00:00+00:00,31489484,4008164,13294139
2022-08-15 00:00:00+00:00,31535340,4008443,13294139
2022-08-16 00:00:00+00:00,31599085,4008696,13306301
2022-08-17 00:00:00+00:00,31666475,4008988,13306301
2022-08-18 00:00:00+00:00,31725160,4009243,13306301
2022-08-19 00:00:00+00:00,31771884,4009509,13314764
2022-08-20 00:00:00+00:00,31771884,4009730,13314764
2022-08-21 00:00:00+00:00,31771884,4009730,13314764
2022-08-22 00:00:00+00:00,31808228,4010000,13314764
2022-08-23 00:00:00+00:00,31868639,4010207,13323784
2022-08-24 00:00:00+00:00,31921578,4010453,13323784
2022-08-25 00:00:00+00:00,31970779,4010752,13323784
2022-08-26 00:00:00+00:00,32008122,4010999,13332976
2022-08-27 00:00:00+00:00,32008122,4011210,13332976
2022-08-28 00:00:00+00:00,32008122,4011357,13332976
2022-08-29 00:00:00+00:00,32041350,4011431,13332976
2022-08-30 00:00:00+00:00,32095854,4011657,13342530
2022-08-31 00:00:00+00:00,32145157,4011937,13342530
2022-09-01 00:00:00+00:00,32184553,4012239,13342530
2022-09-02 00:00:00+00:00,32218483,4012485,13352019
2022-09-03 00:00:00+00:00,32218483,4012653,13352019
2022-09-04 00:00:00+00:00,32218483,4012812,13352019
2022-09-05 00:00:00+00:00,32247828,4012920,13352019
2022-09-06 00:00:00+00:00,32297537,4012920,13358364
2022-09-07 00:00:00+00:00,32344032,4013446,13358722
2022-09-08 00:00:00+00:00,32386089,4013721,13358722
2022-09-09 00:00:00+00:00,32422084,4014050,13367647
2022-09-10 00:00:00+00:00,32422084,4014277,13367647
2022-09-11 00:00:00+00:00,32422084,4014405,13367647
2022-09-12 00:00:00+00:00,32452250,4014485,13367647
2022-09-13 00:00:00+00:00,32507180,4014724,13374116
2022-09-14 00:00:00+00:00,32558479,4014986,13374116
2022-09-15 00:00:00+00:00,32604993,4015347,13374116
2022-09-16 00:00:00+00:00,32643742,4015626,13384876
2022-09-17 00:00:00+00:00,32643742,4015880,13384876
2022-09-18 00:00:00+00:00,32643742,4015880,13384876
2022-09-19 00:00:00+00:00,32680356,4016157,13384876
2022-09-20 00:00:00+00:00,32740593,4016157,13393196
2022-09-21 00:00:00+00:00,32797308,4016460,13393196
2022-09-22 00:00:00+00:00,32854286,4017011,13393196
2022-09-23 00:00:00+00:00,32905086,4017163,13403502
2022-09-24 00:00:00+00:00,32905086,4017163,13403502
2022-09-25 00:00:00+00:00,32905086,4017552,13403502
2022-09-26 00:00:00+00:00,32952050,4017788,13403502
2022-09-27 00:00:00+00:00,33041332,4018102,13412263
2022-09-28 00:00:00+00:00,33137143,4018102,13412263
2022-09-29 00:00:00+00:00,33216006,4018769,13412263
2022-09-30 00:00:00+00:00,33312373,4019077,13422984
2022-10-01 00:00:00+00:00,33312373,4019077,13422984
2022-10-02 00:00:00+00:00,33312373,4019077,13422984
2022-10-03 00:00:00+00:00,33312373,4019077,13422984
2022-10-04 00:00:00+00:00,33386229,4019800,13431098
2022-10-05 00:00:00+00:00,33519761,4020142,13431098
2022-10-06 00:00:00+00:00,33652255,4020429,13431098
2022-10-07 00:00:00+00:00,33826367,4020788,13441941
2022-10-08 00:00:00+00:00,33826367,4020788,13441941
2022-10-09 00:00:00+00:00,33826367,4021252,13441941
2022-10-10 00:00:00+00:00,33948632,4021386,13441941
2022-10-11 00:00:00+00:00,34121168,4021746,13441941
2022-10-12 00:00:00+00:00,34257916,4022107,13441941
2022-10-13 00:00:00+00:00,34403129,4022577,13441941
2022-10-14 00:00:00+00:00,34517327,4022973,13462593
2022-10-15 00:00:00+00:00,34517327,4023358,13462593
2022-10-16 00:00:00+00:00,34517327,4023358,13462593
2022-10-17 00:00:00+00:00,34608837,4023732,13462593
2022-10-18 00:00:00+00:00,34758889,4024129,13462593
2022-10-19 00:00:00+00:00,34888963,4024553,13462593
2022-10-20 00:00:00+00:00,35005769,4024959,13462593
2022-10-21 00:00:00+00:00,35098062,4025375,13486386
2022-10-22 00:00:00+00:00,35098062,4025375,13486386
2022-10-23 00:00:00+00:00,35098062,4025375,13486386
2022-10-24 00:00:00+00:00,35172694,4026068,13488015
2022-10-25 00:00:00+00:00,35288228,4026437,13488015
2022-10-26 00:00:00+00:00,35383015,4026786,13488015
2022-10-27 00:00:00+00:00,35461920,4027157,13488015
2022-10-28 00:00:00+00:00,35523412,4027567,13511768
2022-10-29 00:00:00+00:00,35523412,4027744,13511768
2022-10-30 00:00:00+00:00,35523412,4028160,13511768
2022-10-31 00:00:00+00:00,35571131,4028308,13511768
2022-11-01 00:00:00+00:00,35619687,4028651,13511768
2022-11-02 00:00:00+00:00,35649648,4029027,13511768
2022-11-03 00:00:00+00:00,35728277,4029496,13511768
2022-11-04 00:00:00+00:00,35784912,4029737,13529643
2022-11-05 00:00:00+00:00,35784912,4029737,13529643
2022-11-06 00:00:00+00:00,35784912,4029942,13529643
2022-11-07 00:00:00+00:00,35823771,4030660,13529643
2022-11-08 00:00:00+00:00,35884834,4031096,13529643
2022-11-09 00:00:00+00:00,35932654,4031624,13529643
2022-11-10 00:00:00+00:00,35971322,4032109,13529643
2022-11-11 00:00:00+00:00,36005025,4032718,13543816
2022-11-12 00:00:00+00:00,36005025,4033182,13551539
2022-11-13 00:00:00+00:00,36005025,4033182,13551539
2022-11-14 00:00:00+00:00,36033395,4034343,13551539
2022-11-15 00:00:00+00:00,36080574,4035522,13551539
2022-11-16 00:00:00+00:00,36119184,4036165,13551539
2022-11-17 00:00:00+00:00,36152490,4036623,13551539
2022-11-18 00:00:00+00:00,36180077,4037221,13573721
2022-11-19 00:00:00+00:00,36180077,4037221,13573721
2022-11-20 00:00:00+00:00,36180077,4037221,13573721
2022-11-21 00:00:00+00:00,36205405,4038121,13573721
2022-11-22 00:00:00+00:00,36247081,4038501,13573721
2022-11-23 00:00:00+00:00,36280371,4039344,13573721
2022-11-24 00:00:00+00:00,36318461,4039858,13573721
2022-11-25 00:00:00+00:00,36348477,4040289,13595504
2022-11-26 00:00:00+00:00,36348477,4040289,13595504
2022-11-27 00:00:00+00:00,36348477,4040712,13595504
2022-11-28 00:00:00+00:00,36373165,4040980,13595504
2022-11-29 00:00:00+00:00,36419717,4041445,13595504
2022-11-30 00:00:00+00:00,36463485,4041890,13595504
2022-12-01 00:00:00+00:00,36499600,4042208,13595504
2022-12-02 00:00:00+00:00,36530020,4042520,13614807
2022-12-03 00:00:00+00:00,36530020,4042769,13614807
2022-12-04 00:00:00+00:00,36530020,4042912,13614807
2022-12-05 00:00:00+00:00,36557861,4043017,13614807
2022-12-06 00:00:00+00:00,36604648,4043242,13614807
2022-12-07 00:00:00+00:00,36649979,4043543,13614807
2022-12-08 00:00:00+00:00,36690235,4044422,13614807
2022-12-09 00:00:00+00:00,36726061,4044761,13632635
2022-12-10 00:00:00+00:00,36726061,4045070,13632635
2022-12-11 00:00:00+00:00,36726061,4045262,13632635
2022-12-12 00:00:00+00:00,36758926,4045262,13632635
2022-12-13 00:00:00+00:00,36812671,4045472,13632635
2022-12-14 00:00:00+00:00,36860998,4045472,13632635
2022-12-15 00:00:00+00:00,36905873,4046150,13632635
2022-12-16 00:00:00+00:00,36946574,4046568,13651239
2022-12-17 00:00:00+00:00,36946574,4046603,13651239
2022-12-18 00:00:00+00:00,36946574,4046603,13651239
2022-12-19 00:00:00+00:00,36980883,4046603,13651239
2022-12-20 00:00:00+00:00,37035898,4046986,13651239
2022-12-21 00:00:00+00:00,37088426,4046986,13651239
2022-12-22 00:00:00+00:00,37136414,4047273,13651239
2022-12-23 00:00:00+00:00,37177845,4047681,13670037
2022-12-24 00:00:00+00:00,37177845,4048047,13670037
2022-12-25 00:00:00+00:00,37177845,4048199,13670037
2022-12-26 00:00:00+00:00,37177845,4048281,13670037
2022-12-27 00:00:00+00:00,37211978,4048435,13670037
2022-12-28 00:00:00+00:00,37272430,4048580,13670037
2022-12-29 00:00:00+00:00,37345969,4048580,13670037
2022-12-30 00:00:00+00:00,37369865,4048998,13684258
2022-12-31 00:00:00+00:00,37369866,4049202,13684258
2023-01-01 00:00:00+00:00,37369867,4049319,13684258
2023-01-02 00:00:00+00:00,37410650,4049366,13684258
2023-01-03 00:00:00+00:00,37446795,4049454,13684258
2023-01-04 00:00:00+00:00,37475448,4049479,13684258
2023-01-05 00:00:00+00:00,37496370,4049836,13693478
2023-01-06 00:00:00+00:00,37509539,4050050,13693478
2023-01-07 00:00:00+00:00,37509539,4050050,13693478
2023-01-08 00:00:00+00:00,37509539,4050082,13693478
2023-01-09 00:00:00+00:00,37540072,4050288,13693478
2023-01-10 00:00:00+00:00,37562191,4050288,13693478
2023-01-11 00:00:00+00:00,37581570,4050890,13693478
2023-01-12 00:00:00+00:00,37594526,4051060,13693478
2023-01-13 00:00:00+00:00,37605135,4051243,13711251
2023-01-14 00:00:00+00:00,37605135,4051607,13711251
2023-01-15 00:00:00+00:00,37605135,4051787,13711251
2023-01-16 00:00:00+00:00,37622357,4051891,13711251
2023-01-17 00:00:00+00:00,37637807,4052114,13711251
2023-01-18 00:00:00+00:00,37649808,4052988,13711251
2023-01-19 00:00:00+00:00,37659518,4053527,13711251
2023-01-20 00:00:00+00:00,37668384,4053796,13722677
2023-01-21 00:00:00+00:00,37668384,4053796,13722677
2023-01-22 00:00:00+00:00,37668384,4054160,13722677
2023-01-23 00:00:00+00:00,37684456,4054267,13722677
2023-01-24 00:00:00+00:00,37701193,4054522,13722677
2023-01-25 00:00:00+00:00,37715000,4054803,13722677
2023-01-26 00:00:00+00:00,37728155,4055054,13722677
2023-01-27 00:00:00+00:00,37739472,4055284,13731478
2023-01-28 00:00:00+00:00,37739472,4055284,13731478
2023-01-29 00:00:00+00:00,37739472,4055416,13731478
2023-01-30 00:00:00+00:00,37758773,4055720,13731478
2023-01-31 00:00:00+00:00,37779833,4055966,13731478
2023-02-01 00:00:00+00:00,37796790,4056201,13731478
2023-02-02 00:00:00+00:00,37810199,4056458,13731478
2023-02-03 00:00:00+00:00,37822577,4056701,13740531
2023-02-04 00:00:00+00:00,37822577,4056701,13740531
2023-02-05 00:00:00+00:00,37822577,4056701,13740531
2023-02-06 00:00:00+00:00,37842223,4057211,13740531
2023-02-07 00:00:00+00:00,37861703,4057211,13740531
2023-02-08 00:00:00+00:00,37879714,4057211,13740531
2023-02-09 00:00:00+00:00,37893892,4057211,13740531
2023-02-10 00:00:00+00:00,37893892,4057211,13748918
2023-02-11 00:00:00+00:00,37907312,4057211,13748918
2023-02-12 00:00:00+00:00,37907312,4057211,13748918
2023-02-13 00:00:00+00:00,37928944,4058966,13748918
2023-02-14 00:00:00+00:00,37949446,4059348,13748918
2023-02-15 00:00:00+00:00,37970357,4059348,13748918
2023-02-16 00:00:00+00:00,37986750,4060077,13748918
2023-02-17 00:00:00+00:00,38002114,4060349,13755956
2023-02-18 00:00:00+00:00,38002114,4060349,13755956
2023-02-19 00:00:00+00:00,38002114,4060349,13755956
2023-02-20 00:00:00+00:00,38018111,4061085,13755956
2023-02-21 00:00:00+00:00,38043874,4061085,13755956
2023-02-22 00:00:00+00:00,38068912,4061085,13755956
2023-02-23 00:00:00+00:00,38090089,4061085,13755956
2023-02-24 00:00:00+00:00,38111063,4061383,13763336
2023-02-25 00:00:00+00:00,38111063,4061383,13763336
2023-02-26 00:00:00+00:00,38111063,4061383,13763336
2023-02-27 00:00:00+00:00,38144033,4063237,13763336
2023-02-28 00:00:00+00:00,38168908,4063573,13763336
2023-03-01 00:00:00+00:00,38189954,4063863,13763336
2023-03-02 00:00:00+00:00,38202571,4064457,13763336
2023-03-03 00:00:00+00:00,38210850,4064889,13770429
2023-03-04 00:00:00+00:00,38210850,4064889,13770429
2023-03-05 00:00:00+00:00,38210851,4064889,13770429
2023-03-06 00:00:00+00:00,38210851,4065857,13770429
2023-03-07 00:00:00+00:00,38231610,4066044,13770429
2023-03-08 00:00:00+00:00,38241231,4066641,13770429
2023-03-09 00:00:00+00:00,38249060,4067067,13770429
